,R513A_UNIT,R513A_UNIT,R513A_UNIT,R513A_UNIT,R513A_UNIT,R513A_UNIT,R513A_UNIT,R513A_UNIT,R513A_UNIT,R513A_UNIT,R513A_UNIT,R513A_UNIT,R513A_UNIT,R513A_UNIT,R513A_UNIT,R513A_UNIT,R513A_UNIT,R513A_UNIT,R513A_UNIT,R513A_UNIT,R513A_UNIT,R513A_UNIT,R513A_UNIT,R513A_UNIT,R513A_UNIT,R513A_UNIT,R513A_UNIT,R513A_UNIT,R513A_UNIT,R513A_UNIT,R513A_UNIT,R513A_UNIT,R513A_UNIT,R513A_UNIT,R513A_UNIT,R513A_UNIT,R513A_UNIT,R513A_UNIT,R513A_UNIT,R513A_UNIT,R513A_UNIT,R513A_UNIT,R513A_UNIT,R513A_UNIT,R513A_UNIT,R513A_UNIT,R513A_UNIT,R513A_UNIT,R513A_UNIT,R513A_UNIT,R513A_UNIT,R513A_UNIT,R513A_UNIT,R513A_UNIT,R513A_UNIT,R513A_UNIT,R513A_UNIT,R513A_UNIT,R513A_UNIT,R513A_UNIT,R513A_UNIT,R513A_UNIT,R513A_UNIT,R513A_UNIT,R513A_UNIT,R513A_UNIT,R513A_UNIT,R513A_UNIT,R513A_UNIT,R513A_UNIT,R513A_UNIT,R513A_UNIT,R513A_UNIT,R513A_UNIT,R513A_UNIT,R513A_UNIT,R513A_UNIT,R513A_UNIT,R513A_UNIT,R513A_UNIT,R513A_UNIT,R513A_UNIT,R513A_UNIT,R513A_UNIT,R513A_UNIT,R513A_UNIT,R513A_UNIT,R513A_UNIT,R513A_UNIT,R513A_UNIT,R513A_UNIT,R513A_UNIT,R513A_UNIT,R513A_UNIT,R513A_UNIT,R513A_UNIT,R513A_UNIT,R513A_UNIT,R513A_UNIT,R513A_UNIT,R513A_UNIT,R513A_UNIT,R513A_UNIT,R513A_UNIT,R513A_UNIT,R513A_UNIT,R513A_UNIT,R513A_UNIT,R513A_UNIT,R513A_UNIT,R513A_UNIT,R513A_UNIT,R513A_UNIT,R513A_UNIT,R513A_UNIT,R513A_UNIT,R513A_UNIT,R513A_UNIT,R513A_UNIT,R513A_UNIT,R513A_UNIT,R513A_UNIT,R513A_UNIT,R513A_UNIT,R513A_UNIT,LOGGER,LOGGER,LOGGER,LOGGER,LOGGER,LOGGER,LOGGER,LOGGER,LOGGER,LOGGER,LOGGER,LOGGER,LOGGER,LOGGER,LOGGER,LOGGER,LOGGER,LOGGER,LOGGER,LOGGER,LOGGER,LOGGER,LOGGER,LOGGER,LOGGER,LOGGER,LOGGER,LOGGER,LOGGER,LOGGER,LOGGER,LOGGER,LOGGER,LOGGER,LOGGER,LOGGER,LOGGER,LOGGER,LOGGER,LOGGER,LOGGER,LOGGER,LOGGER,LOGGER,LOGGER,LOGGER,LOGGER,LOGGER,LOGGER,LOGGER,LOGGER,LOGGER,LOGGER,LOGGER,LOGGER,LOGGER,LOGGER,LOGGER,LOGGER,LOGGER,LOGGER,LOGGER,LOGGER,LOGGER,LOGGER,LOGGER,LOGGER,LOGGER,LOGGER,LOGGER,LOGGER,LOGGER,LOGGER,LOGGER,LOGGER,LOGGER,LOGGER,LOGGER,LOGGER,LOGGER,LOGGER,LOGGER,LOGGER,LOGGER,LOGGER,LOGGER,LOGGER,LOGGER,LOGGER,LOGGER,LOGGER,LOGGER,LOGGER,LOGGER,LOGGER,LOGGER,LOGGER,LOGGER,LOGGER,LOGGER,LOGGER,LOGGER,LOGGER,LOGGER,LOGGER,LOGGER,LOGGER,LOGGER,LOGGER,LOGGER,LOGGER,LOGGER,LOGGER,LOGGER,LOGGER,LOGGER,LOGGER,LOGGER,LOGGER,LOGGER,LOGGER,LOGGER,LOGGER,LOGGER,LOGGER,LOGGER,LOGGER,LOGGER,LOGGER,LOGGER,LOGGER,LOGGER,LOGGER,LOGGER,LOGGER,LOGGER,LOGGER,LOGGER,LOGGER,LOGGER,LOGGER,LOGGER,LOGGER,LOGGER,LOGGER,LOGGER,TEST_STATION,TEST_STATION,TEST_STATION,TEST_STATION,TEST_STATION,TEST_STATION,TEST_STATION,TEST_STATION,TEST_STATION,TEST_STATION,TEST_STATION,TEST_STATION,TEST_STATION,TEST_STATION,TEST_STATION,TEST_STATION,TEST_STATION,TEST_STATION,TEST_STATION,TEST_STATION,TEST_STATION,TEST_STATION,TEST_STATION,TEST_STATION,TEST_STATION,TEST_STATION,TEST_STATION,TEST_STATION,TEST_STATION,TEST_STATION,TEST_STATION,TEST_STATION,TEST_STATION,TEST_STATION,TEST_STATION,TEST_STATION,TEST_STATION,TEST_STATION,TEST_STATION,TEST_STATION,TEST_STATION,TEST_STATION,TEST_STATION,TEST_STATION,TEST_STATION,TEST_STATION,TEST_STATION,TEST_STATION,TEST_STATION,TEST_STATION,TEST_STATION,TEST_STATION,TEST_STATION,TEST_STATION,TEST_STATION,TEST_STATION,TEST_STATION,TEST_STATION,TEST_STATION,TEST_STATION,TEST_STATION,TEST_STATION,TEST_STATION,TEST_STATION,TEST_STATION,TEST_STATION,TEST_STATION,CHAMBER,CHAMBER,CHAMBER,CHAMBER,CHAMBER,CHAMBER,CHAMBER,CHAMBER,CHAMBER,CHAMBER,CHAMBER,CHAMBER,CHAMBER,CHAMBER,CHAMBER,CHAMBER,CHAMBER,CHAMBER,CHAMBER,CHAMBER,CHAMBER,CHAMBER,CHAMBER,CHAMBER,CHAMBER,CHAMBER,CHAMBER,CHAMBER,CHAMBER,CHAMBER,CHAMBER,CHAMBER,CHAMBER,CHAMBER,CHAMBER,CHAMBER,CHAMBER,CHAMBER,CHAMBER,CHAMBER,CHAMBER
TIME,Cycle_Status,Unit_SN,Heat_Call,Defrost,Alarm_Register_1,Alarm_Register_2,Alarm_Register_3,AMB_Fahr_W,Cond_LWT_Fahr_W,Cond_EWT_Fahr_W,Cond_Flow_F,Evap1_Fahr_W,Evap2_Fahr_W,Cold_Sensor_Fahr_W,Warm_Sensor_Fahr_W,SLT_Fahr_W,SH_F,DLP_W,SLP_W,Flow_Percent_Set_W,VFP_Head_ft_F,Circ_Pump_Output,Evap_Flow_Output,LLSV_Output,Comp_Output,HGBV_Output,AOTS,Remote_Enable,Comp_Feedback,MMP_Aux,Voltage_Monitor,O.P.S.S.,F.C._Aux,Evap_Flow,Pan_Sensor,Damper_Switch,TT_High,TT_ODR,Cond_Heat_Output,Defrost_Heat_Output,Pan_Heat_Output,PD_ctl,SP_HC_Cut_In,EWT_Block,MP_HC_Cut_In,MP_HC_Cut_Out,BMS_Heat_Call,MCP6_HC_Rgstr,Master_Comm_Status,Member_Unit_Status,MCPLA_HeatCall,mqtt_member_status,Cond_Flow_Verif,Flow_Valve_Verif,PID_Start,Pump_OFF_Delay,HGBV_Max,Post_HGBV_Fan,Defrost_Enable,VFP_Setpoint_W,Hardware_IO_Map_W,K2_EEV_POS,Tank_Storage_Temp,Demand_Diff,Cold_Sensor_Cut_In_F,Hot_Sensor_Cut_In_F,Cond_LWT_Input_F,Startup_GPM_F,CFlow_Low_Limit_F,Start_Valve_Pos_F,Min_Valve_Pos_F,Defrost_Cut_In_F,Defrost_Cut_Out_F,HGBV_PSIG_Cut_In_F,HGBV_PSIG_Cut_Out_F,Freeze_Po_1_Cut_In,Freeze_Po_1_Cut_Out,Freeze_Pro_2_Cut_In,Freeze_Pro_2_Cut_Out,WS_FrzPro2_Cut_In,WS_FrzPro2_Cut_Out,Purge_Cut_Out_Fahr_F,Kp_Input,Ki_Input,Kd_Input,PID_Start_Diff_F,Pump_Delay_Time,Max_Pump_Duration,CFlow_VerifFail_Time,Manual_EvapFlow_TIME,EFlow_VerifFail_Time,Defr_Cut_In_Delay_W,Def_Enable_Time_W,Def_Max_Dur_Time_W,Post_Def_Fan_Time_W,HGBV_Duration_W,PostHGBVFan_Time_W,Max_Purge_Time,SinglePass_Config,Glycol_Source_Config,CWP_Config,K2_Config,Standby_Valve_Pos,HGBV_Defrost_Enable,HGBV_Disable,Unit_Model,Pump_Down_PSIG_F,Amb_Range_LOW,InitSV_Max_F,SrcTemp_SwitchTemp_F,EWT_Cut_Out_F,Demand_Mode,Unit_number,StaticIP_Status,ODR_LWT_Min_F,ODR_LWT_Max_F,ODR_Amb_Min_F,ODR_Amb_Max_F,HPB_WWSD_F,Password_Lock,Dev_psswrd_Lock,Service_Lock,Manual_Ctl_Status_W,Ducted_Config,Fans_Adj_Input_F,EWT_float,LWT_float,dT_float,GPM_float,Capacity,KW_float,KWX3412_float,COP,VFD_Hz_W,CompVFD_ErrorCode,CompVFD_Status,GPMXdT,VFD_Hz_Setpoint_W,FlowValve_FB%,FlowValve_SetPont,GPM_ps_1X10_float,GPM_ps_2X100_float,GPM_ps_1_float,GPM_ps_2_float,Amb_unit,VFP_ctl_Word_1_W,VFP_Ctl_Mode_W,VFP_Operation_Mode_W,VFP_Ctl_Setpoint_W,Fans_Spd_Disp_F,VFP_Status_Word_1_W,VFP_ProcFB_Status_W,VFP_CtlMode_Status_W,VFP_OpMode_Status_W,VFP_Alarm_Code_W,VFP_Warning_Code_W,VFP_Head_W,VFP_Flow_W,VFP_Performance_W,VFP_Speed_W,VFP_Freq_W,VFP_Dig_Inputs_W,VFP_Dig_Outputs_W,VFP_Pwr_Lo_W,VFP_RemoteFlow_W,VFP_InletPress_W,VFP_RemotePress1_W,VFP_FeedTankLvl_W,VFP_PwrEleTemp_W,VFP_MotorTemp_W,VFP_RemoteTemp1_W,VFP_EleTemp_W,VFP_LiquidTemp_W,CMRC_Alarm_1,CMRC_Alarm_2,CMRC_Alarm_3,CMRC_Alarm_4,CMRC_Alarm_5,CMRC_Alarm_6,CMRC_Alarm_7,CMRC_Alarm_8,CMRC_Alarm_9,CMRC_Alarm_10,K2_SuperHeat,K2_SLP,K2_SatT,K2_SLT,K2_NA1,K2_EEV_POS,K2_DLT,K2_Relay,K2_Alarm,K2_System,K2_Firm,VFP_head_F_feet,GPM_vfp,VFP_SetPoint_F,EWT_Raw,LWT_Raw,LLT_Raw,DLT_Raw,GPM_prosense_1X10,GPM_prosense_2X100,Temp_prosense_1,Temp_prosense_2,LLP,Water_Pressure_Out,LLT_Raw_C270,DLT_Raw_C270,SourceWater_EWT_C270,SourceWater_LWT_C270,Tekmar_Loop_LWT_C270,Compressor_head_Temp,LWT_SM_3_Raw,Compressor_head_X10,Compressor_head_F,EWT_Float,LWT_Float,LLT_Float,DLT_Float,LLP_SM_I_Float,LWT_SM_I_Float,LWT_SM_2_Float,LWT_SM_3_Float,AIR_TEMP_F_FL_ub,RH_FL,RH_FL_UB,EWT_Thermowell_ANSI,LWT_Thermowell_ANSI,LLT,DLT,EWT_SM_Internal,LWT_SM_Internal,LWT_SM_2,LWT_SM_3,DLP_Word,Ambient_air_temp,RH,DefrostCutOut,DefrostDelayTimer,DefrostMaxDurTimer,DefrostEnableTimer,DefrostEnableTC,LWTSet,Voltage_monitor,AlarmReg_1,AlarmReg_2,AlarmReg_3,PhAVolt_C90,PhAAmps_C90,PhBVolt_C90,PhBAmp_C90,PhCVolt_C90,PhCAmp_C90,TruPwr3Ph_C90,ReacPwr3Ph_C90,AprntPwr3Ph_C90,NetEnergy_C90,UnsignedEnergy_C90,PositiveEng_C90,NegativeEng_C90,NetReactiveEng_C90,NetApparentEng_C90,PowFac3ph_C90,PSIG_Table_START,SSLT_Table_START,Fist_Match_LLP_W,x2_LLP_First_Match_D,SLLT_Lookup_I,SLLT_F,SubCooling_F,CondFlowLoss_Fault,HotTankT_lo,HotTankT_hi,Cooler_EWT_lo,Cooler_EWT_hi,Cooler_LWT_lo,Cooler_LWT_hi,CoolFlowRt_lo,CoolFlowRt_hi,HW_Pump_set,HTank_cutIn,HTank_cutOut,ChillerFanPercent,ColdTankT_lo,ColdTankT_hi,EvapHeadrRetT_lo,EvapHeadrRetT_hi,EvapHeadrSupT_lo,EvapHeadrSupT_hi,Evap_Pump_set,CTank_cutIn,CTank_cutOut,HeatingEnable,Cond_hd_Sply,condReturnT_hi,EvapHeadrFlowIn_l,EvapHeadrFlowIn_h,CoolerFanFreq,condPumpFreq,evapPumpFreq_l,evapPumpFreq_h,AMTemp_low,AMTemp_high,Cooling_Cap,AMB_RH,HTank_cutIn_F,SupplyHeaderInletR,SupplyHeaderInletS,ReturnHeaderOutletR,ReturnHeaderOutletS,BoilerControlVR,BoilerControlVS,HotTankR,HotTankS,FluidCoolerInletR,FluidCoolerInletS,FluidCoolerOutletR,FluidCoolerOutletS,EvapInletR,EvapInletS,EvapOutletR,EvapOutletS,ColdTankR,ColdTankS,AuxTempRaw,HeatedTank_Float,SourceTank_Float,AuxTmpFlot,AuxTmpScld,TempC1,TempC1_ub,TempF,RH1,ABS_H1,DPC1,DPF1,MR1,Amb_temp_set_epic_F,RH_set_epic_F,Hum_manual_override,TempF1,RH1,ABS_H1,DPF1,TempF2,RH2,ABS_H2,DPF2,TempF3,RH3,DPC3,DPF3,TempF4,RH4,ABS_H4,DPF4,FloorTC,K2_SUP1_In,K2_SLP1_In,K2_ET1_In,K2_SAT1_In,K2_RT1_In,K2_ValvePos1_In,K2_AUX1a_In,K2_RLY1,K2_Alarm1,K2_System1,K2_Firmware1,K2_AUX1b_In,K2_SLP2_In,K2_ET2_In,TempC1,TempF,RH1,ABS_H1,DPC1,DPF1,MR1
2025-10-28T00:00:00,ERR,ERR,ERR,ERR,ERR,ERR,ERR,ERR,ERR,ERR,ERR,ERR,ERR,ERR,ERR,ERR,ERR,ERR,ERR,ERR,ERR,ERR,ERR,ERR,ERR,ERR,ERR,ERR,ERR,ERR,ERR,ERR,ERR,ERR,ERR,ERR,ERR,ERR,ERR,ERR,ERR,ERR,ERR,ERR,ERR,ERR,ERR,ERR,ERR,ERR,ERR,ERR,ERR,ERR,ERR,ERR,ERR,ERR,ERR,ERR,ERR,ERR,ERR,ERR,ERR,ERR,ERR,ERR,ERR,ERR,ERR,ERR,ERR,ERR,ERR,ERR,ERR,ERR,ERR,ERR,ERR,ERR,ERR,ERR,ERR,ERR,ERR,ERR,ERR,ERR,ERR,ERR,ERR,ERR,ERR,ERR,ERR,ERR,ERR,ERR,ERR,ERR,ERR,ERR,ERR,ERR,ERR,ERR,ERR,ERR,ERR,ERR,ERR,ERR,ERR,ERR,ERR,ERR,ERR,ERR,ERR,ERR,ERR,ERR,ERR,82.5,80.3,-2.2,0.0,-0.0,0.155,530.055,-0.0,0,0,4,32768,7366,-0.167,0,0.0,0.0,0.0,0.0,68.18,0,0,0,0,0.0,0,0,0,0,0,0,0,0,0,0,0,0,0,0,0,0,0,0,0,0,0,0,0,0,0,0,0,0,0,0,0,0,0,21,49,48,70,65476,0,300,0,0,8,21553,0.0,0.1,0.0,0.0,0.0,0.0,0.0,0.0,0.0,0.0,nan,0.0,0.0,0.032,0.032,0.032,0.032,0.0,0.032,0.032,15620.0,1562.0,825.0,803.0,794.0,718.0,85.0,0.0,15620.0,15620.0,-131350.031,4179.0,-0.0,82.5,80.3,79.4,71.8,8.5,0.0,1562.0,1562.0,82,67.45,41.79,40.0,0.0,0.0,0.0,0.0,140.0,0.0,0,0,0,245.003,1.104,244.58,0.663,244.559,0.744,155.097,271.084,355.397,2876.274,2894.708,2883.84,-7.566,2972.822,4288.0,0.354,0,-21.053,82,0.0,164,72.77,-6.63,0,0,17065,39322,17081,0,17056,0,0,0,145,144,100,-107615376.0,73.2,2.7302353966433104e+23,69.9,-107615368.0,72.5,0,55,65,180,0,13107,0,0,0.0,0.0,0.0,0.0,0.0,68.0,0.0,0.0,0.0,805,0,881,0,0,0,845,0,928,0,800,0,729,0,697,0,734,0,640,0.032,2937757630464.0,0.0,0.0,13968,16800,0.0,0.0,-0.0,-3.2655139975573804e+34,0.0,0.0,0.0,0.0,70,0.0,0.0,0.0,0.0,0.0,0.0,0.0,0.0,0.0,0.0,0.0,0.0,0.0,0.0,0.0,0.0,2.7302337753474445e+23,68,16,65516,48,65476,0,300,0,0,8,20529,65476,0,0,64225,0.0,0.0,0.0,0.0,0.0,0.0
2025-10-28T00:00:01,ERR,ERR,ERR,ERR,ERR,ERR,ERR,ERR,ERR,ERR,ERR,ERR,ERR,ERR,ERR,ERR,ERR,ERR,ERR,ERR,ERR,ERR,ERR,ERR,ERR,ERR,ERR,ERR,ERR,ERR,ERR,ERR,ERR,ERR,ERR,ERR,ERR,ERR,ERR,ERR,ERR,ERR,ERR,ERR,ERR,ERR,ERR,ERR,ERR,ERR,ERR,ERR,ERR,ERR,ERR,ERR,ERR,ERR,ERR,ERR,ERR,ERR,ERR,ERR,ERR,ERR,ERR,ERR,ERR,ERR,ERR,ERR,ERR,ERR,ERR,ERR,ERR,ERR,ERR,ERR,ERR,ERR,ERR,ERR,ERR,ERR,ERR,ERR,ERR,ERR,ERR,ERR,ERR,ERR,ERR,ERR,ERR,ERR,ERR,ERR,ERR,ERR,ERR,ERR,ERR,ERR,ERR,ERR,ERR,ERR,ERR,ERR,ERR,ERR,ERR,ERR,ERR,ERR,ERR,ERR,ERR,ERR,ERR,ERR,ERR,82.5,80.3,-2.2,0.0,-0.0,0.155,527.596,-0.0,0,0,4,32768,7366,-0.167,0,0.0,0.0,0.0,0.0,68.18,0,0,0,0,0.0,0,0,0,0,0,0,0,0,0,0,0,0,0,0,0,0,0,0,0,0,0,0,0,0,0,0,0,0,0,0,0,0,0,21,49,48,70,65476,0,300,0,0,8,21553,0.0,0.1,0.0,0.0,0.0,0.0,0.0,0.0,0.0,0.0,nan,0.0,0.0,0.032,0.032,0.032,0.032,0.0,0.032,0.032,15620.0,1562.0,825.0,803.0,794.0,718.0,86.0,0.0,15620.0,15620.0,-8608155648.0,4180.0,-0.0,82.5,80.3,79.4,71.8,8.6,0.0,1562.0,1562.0,82,67.46,41.8,40.0,0.0,0.0,0.0,0.0,140.0,0.0,0,0,0,244.961,1.103,244.532,0.664,244.546,0.746,154.868,271.009,355.189,2876.274,2894.708,2883.84,-7.566,2972.822,4288.0,0.354,0,-21.053,82,0.0,164,72.77,-6.63,0,0,17065,39322,17081,0,17056,0,0,0,145,144,100,-107615376.0,73.2,2.7302353966433104e+23,69.9,-107615368.0,72.5,0,55,65,180,0,26215,0,0,0.0,0.0,0.0,0.0,0.0,68.0,0.0,0.0,0.0,805,0,881,0,0,0,845,0,928,0,800,0,729,0,697,0,734,0,640,0.032,2972117368832.0,0.0,0.0,19984,16800,0.0,0.0,-0.0,0.0,0.0,106.626,0.0,0.0,70,0.0,0.0,0.0,0.0,0.0,0.0,0.0,0.0,0.0,0.0,0.0,0.0,0.0,0.0,0.0,0.0,2.7302337753474445e+23,68,16,65516,48,65476,0,300,0,0,8,20529,65476,0,0,64225,0.0,0.0,0.0,0.0,0.0,0.0
2025-10-28T00:00:02,ERR,ERR,ERR,ERR,ERR,ERR,ERR,ERR,ERR,ERR,ERR,ERR,ERR,ERR,ERR,ERR,ERR,ERR,ERR,ERR,ERR,ERR,ERR,ERR,ERR,ERR,ERR,ERR,ERR,ERR,ERR,ERR,ERR,ERR,ERR,ERR,ERR,ERR,ERR,ERR,ERR,ERR,ERR,ERR,ERR,ERR,ERR,ERR,ERR,ERR,ERR,ERR,ERR,ERR,ERR,ERR,ERR,ERR,ERR,ERR,ERR,ERR,ERR,ERR,ERR,ERR,ERR,ERR,ERR,ERR,ERR,ERR,ERR,ERR,ERR,ERR,ERR,ERR,ERR,ERR,ERR,ERR,ERR,ERR,ERR,ERR,ERR,ERR,ERR,ERR,ERR,ERR,ERR,ERR,ERR,ERR,ERR,ERR,ERR,ERR,ERR,ERR,ERR,ERR,ERR,ERR,ERR,ERR,ERR,ERR,ERR,ERR,ERR,ERR,ERR,ERR,ERR,ERR,ERR,ERR,ERR,ERR,ERR,ERR,ERR,82.5,80.3,-2.2,0.0,-0.0,0.156,531.633,-0.0,0,0,4,32768,7366,-0.167,0,0.0,0.0,0.0,0.0,68.18,0,0,0,0,0.0,0,0,0,0,0,0,0,0,0,0,0,0,0,0,0,0,0,0,0,0,0,0,0,0,0,0,0,0,0,0,0,0,0,21,49,48,70,65476,0,300,0,0,8,21553,0.0,0.1,0.0,0.0,0.0,0.0,0.0,0.0,0.0,0.0,nan,0.0,0.0,0.032,0.032,0.032,0.032,0.0,0.032,0.032,15620.0,1562.0,825.0,803.0,794.0,717.0,86.0,0.0,15620.0,15620.0,-0.0,4181.0,-0.0,82.5,80.3,79.4,71.7,8.6,0.0,1562.0,1562.0,82,67.43,41.81,40.0,0.0,0.0,0.0,0.0,140.0,0.0,0,0,0,244.959,1.108,244.524,0.663,244.559,0.744,155.733,271.099,355.686,2876.274,2894.708,2883.84,-7.566,2972.822,4288.0,0.355,0,-21.053,82,0.0,164,72.77,-6.63,0,0,17065,39322,17081,0,17056,0,0,0,145,144,100,-107615376.0,73.2,2.7302353966433104e+23,69.9,-107615368.0,72.5,0,55,65,180,0,13107,0,0,0.0,0.0,0.0,0.0,0.0,68.0,0.0,0.0,0.0,805,0,881,0,0,0,845,0,928,0,800,0,729,0,697,0,734,0,640,0.032,2972117368832.0,0.0,0.0,24848,16800,0.0,0.0,-0.0,1.557,0.0,1230532116480.0,0.0,0.0,70,0.0,0.0,0.0,0.0,0.0,0.0,0.0,0.0,0.0,0.0,0.0,0.0,0.0,0.0,0.0,0.0,2.7302337753474445e+23,68,16,65516,48,65476,0,300,0,0,8,20529,65476,0,0,64225,0.0,0.0,0.0,0.0,0.0,0.0
2025-10-28T00:00:03,ERR,ERR,ERR,ERR,ERR,ERR,ERR,ERR,ERR,ERR,ERR,ERR,ERR,ERR,ERR,ERR,ERR,ERR,ERR,ERR,ERR,ERR,ERR,ERR,ERR,ERR,ERR,ERR,ERR,ERR,ERR,ERR,ERR,ERR,ERR,ERR,ERR,ERR,ERR,ERR,ERR,ERR,ERR,ERR,ERR,ERR,ERR,ERR,ERR,ERR,ERR,ERR,ERR,ERR,ERR,ERR,ERR,ERR,ERR,ERR,ERR,ERR,ERR,ERR,ERR,ERR,ERR,ERR,ERR,ERR,ERR,ERR,ERR,ERR,ERR,ERR,ERR,ERR,ERR,ERR,ERR,ERR,ERR,ERR,ERR,ERR,ERR,ERR,ERR,ERR,ERR,ERR,ERR,ERR,ERR,ERR,ERR,ERR,ERR,ERR,ERR,ERR,ERR,ERR,ERR,ERR,ERR,ERR,ERR,ERR,ERR,ERR,ERR,ERR,ERR,ERR,ERR,ERR,ERR,ERR,ERR,ERR,ERR,ERR,ERR,82.5,80.3,-2.2,0.0,-0.0,0.156,531.633,-0.0,0,0,4,32768,7366,-0.167,0,0.0,0.0,0.0,0.0,68.18,0,0,0,0,0.0,0,0,0,0,0,0,0,0,0,0,0,0,0,0,0,0,0,0,0,0,0,0,0,0,0,0,0,0,0,0,0,0,0,21,49,48,70,65476,0,300,0,0,8,21553,0.0,0.1,0.0,0.0,0.0,0.0,0.0,0.0,0.0,0.0,nan,0.0,0.0,0.032,0.032,0.032,0.032,0.0,0.032,0.032,15620.0,1562.0,825.0,803.0,794.0,717.0,86.0,0.0,15620.0,15620.0,-0.0,4181.0,-0.0,82.5,80.3,79.4,71.7,8.6,0.0,1562.0,1562.0,82,67.43,41.81,40.0,0.0,0.0,0.0,0.0,140.0,0.0,0,0,0,244.959,1.108,244.524,0.663,244.559,0.744,155.733,271.099,355.686,2876.274,2894.708,2883.84,-7.566,2972.822,4288.0,0.355,0,-21.053,82,0.0,164,72.77,-6.63,0,0,17065,39322,17081,52429,17055,0,0,0,145,144,100,-107615376.0,73.2,2.7302353966433104e+23,69.9,-107615368.0,72.5,0,55,65,180,0,26215,0,0,0.0,0.0,0.0,0.0,0.0,68.0,0.0,0.0,0.0,805,0,882,0,0,0,845,0,928,0,799,0,729,0,697,0,734,0,640,0.032,2937757630464.0,0.0,0.0,14480,16800,0.0,0.0,-0.0,0.0,0.0,0.001,0.0,0.0,70,0.0,0.0,0.0,0.0,0.0,0.0,0.0,0.0,0.0,0.0,0.0,0.0,0.0,0.0,0.0,0.0,2.7302337753474445e+23,68,16,65516,48,65476,0,300,0,0,8,20529,65476,0,0,64225,0.0,0.0,0.0,0.0,0.0,0.0
2025-10-28T00:00:04,ERR,ERR,ERR,ERR,ERR,ERR,ERR,ERR,ERR,ERR,ERR,ERR,ERR,ERR,ERR,ERR,ERR,ERR,ERR,ERR,ERR,ERR,ERR,ERR,ERR,ERR,ERR,ERR,ERR,ERR,ERR,ERR,ERR,ERR,ERR,ERR,ERR,ERR,ERR,ERR,ERR,ERR,ERR,ERR,ERR,ERR,ERR,ERR,ERR,ERR,ERR,ERR,ERR,ERR,ERR,ERR,ERR,ERR,ERR,ERR,ERR,ERR,ERR,ERR,ERR,ERR,ERR,ERR,ERR,ERR,ERR,ERR,ERR,ERR,ERR,ERR,ERR,ERR,ERR,ERR,ERR,ERR,ERR,ERR,ERR,ERR,ERR,ERR,ERR,ERR,ERR,ERR,ERR,ERR,ERR,ERR,ERR,ERR,ERR,ERR,ERR,ERR,ERR,ERR,ERR,ERR,ERR,ERR,ERR,ERR,ERR,ERR,ERR,ERR,ERR,ERR,ERR,ERR,ERR,ERR,ERR,ERR,ERR,ERR,ERR,82.5,80.3,-2.2,0.0,-0.0,0.155,529.767,-0.0,0,0,4,32768,7366,-0.167,0,0.0,0.0,0.0,0.0,68.18,0,0,0,0,0.0,0,0,0,0,0,0,0,0,0,0,0,0,0,0,0,0,0,0,0,0,0,0,0,0,0,0,0,0,0,0,0,0,0,21,49,48,70,65476,0,300,0,0,8,21553,0.0,0.1,0.0,0.0,0.0,0.0,0.0,0.0,0.0,0.0,nan,0.0,0.0,0.032,0.032,0.032,0.032,0.0,0.032,0.032,15620.0,1562.0,825.0,803.0,794.0,718.0,86.0,0.0,15620.0,15620.0,-0.0,4181.0,-0.0,82.5,80.3,79.4,71.8,8.6,0.0,1562.0,1562.0,82,67.41,41.81,40.0,0.0,0.0,0.0,0.0,140.0,0.0,0,0,0,244.973,1.105,244.53,0.664,244.597,0.744,155.425,271.084,355.378,2876.274,2894.708,2883.84,-7.566,2972.822,4288.0,0.355,0,-21.053,82,0.0,164,72.77,-6.63,0,52429,17064,39322,17081,0,17056,0,0,0,145,144,100,-107615376.0,73.2,2.7302353966433104e+23,69.9,-107615368.0,72.5,0,55,65,180,0,26215,0,0,0.0,0.0,0.0,0.0,0.0,68.0,0.0,0.0,0.0,805,0,882,0,0,0,844,0,928,0,800,0,729,0,697,0,734,0,640,0.032,2954937499648.0,0.0,0.0,19472,16800,0.0,0.0,-0.0,0.0,0.0,1.643,0.0,0.0,70,0.0,0.0,0.0,0.0,0.0,0.0,0.0,0.0,0.0,0.0,0.0,0.0,0.0,0.0,0.0,0.0,0.0,68,16,65516,48,65476,0,300,0,0,8,20529,65476,0,0,64225,0.0,0.0,0.0,0.0,0.0,0.0
2025-10-28T00:00:05,ERR,ERR,ERR,ERR,ERR,ERR,ERR,ERR,ERR,ERR,ERR,ERR,ERR,ERR,ERR,ERR,ERR,ERR,ERR,ERR,ERR,ERR,ERR,ERR,ERR,ERR,ERR,ERR,ERR,ERR,ERR,ERR,ERR,ERR,ERR,ERR,ERR,ERR,ERR,ERR,ERR,ERR,ERR,ERR,ERR,ERR,ERR,ERR,ERR,ERR,ERR,ERR,ERR,ERR,ERR,ERR,ERR,ERR,ERR,ERR,ERR,ERR,ERR,ERR,ERR,ERR,ERR,ERR,ERR,ERR,ERR,ERR,ERR,ERR,ERR,ERR,ERR,ERR,ERR,ERR,ERR,ERR,ERR,ERR,ERR,ERR,ERR,ERR,ERR,ERR,ERR,ERR,ERR,ERR,ERR,ERR,ERR,ERR,ERR,ERR,ERR,ERR,ERR,ERR,ERR,ERR,ERR,ERR,ERR,ERR,ERR,ERR,ERR,ERR,ERR,ERR,ERR,ERR,ERR,ERR,ERR,ERR,ERR,ERR,ERR,82.5,80.3,-2.2,0.0,-0.0,0.155,529.479,-0.0,0,0,4,32768,7366,-0.167,0,0.0,0.0,0.0,0.0,68.18,0,0,0,0,0.0,0,0,0,0,0,0,0,0,0,0,0,0,0,0,0,0,0,0,0,0,0,0,0,0,0,0,0,0,0,0,0,0,0,21,49,48,70,65476,0,300,0,0,8,21553,0.0,0.1,0.0,0.0,0.0,0.0,0.0,0.0,0.0,0.0,nan,0.0,0.0,0.032,0.032,0.032,0.032,0.0,0.032,0.032,15620.0,1562.0,825.0,803.0,794.0,718.0,86.0,0.0,15620.0,15620.0,-0.0,4181.0,-0.0,82.5,80.3,79.4,71.8,8.6,0.0,1562.0,1562.0,82,67.37,41.81,40.0,0.0,0.0,0.0,0.0,140.0,0.0,0,0,0,245.07,1.105,244.597,0.665,244.631,0.741,154.714,271.327,355.606,2876.274,2894.708,2883.84,-7.566,2972.822,4288.0,0.353,0,-21.053,82,0.0,164,72.77,-6.63,0,0,17065,39322,17081,52429,17055,0,0,0,145,144,100,0.0,73.7,2.7302353966433104e+23,69.9,-107615368.0,72.5,0,55,65,180,0,13107,0,0,0.0,0.0,0.0,0.0,0.0,68.0,0.0,0.0,0.0,805,0,881,0,0,0,845,0,928,0,799,0,729,0,697,0,734,0,641,0.032,2954937499648.0,2.004,0.0,23440,16800,0.0,0.0,-0.0,0.0,0.0,12927159.0,0.0,0.0,70,0.0,0.0,0.0,0.0,0.0,0.0,0.0,0.0,0.0,0.0,0.0,0.0,0.0,0.0,0.0,0.0,2.7302337753474445e+23,68,16,65516,48,65476,0,300,0,0,8,20529,65476,0,0,64225,0.0,0.0,0.0,0.0,0.0,0.0
2025-10-28T00:00:06,ERR,ERR,ERR,ERR,ERR,ERR,ERR,ERR,ERR,ERR,ERR,ERR,ERR,ERR,ERR,ERR,ERR,ERR,ERR,ERR,ERR,ERR,ERR,ERR,ERR,ERR,ERR,ERR,ERR,ERR,ERR,ERR,ERR,ERR,ERR,ERR,ERR,ERR,ERR,ERR,ERR,ERR,ERR,ERR,ERR,ERR,ERR,ERR,ERR,ERR,ERR,ERR,ERR,ERR,ERR,ERR,ERR,ERR,ERR,ERR,ERR,ERR,ERR,ERR,ERR,ERR,ERR,ERR,ERR,ERR,ERR,ERR,ERR,ERR,ERR,ERR,ERR,ERR,ERR,ERR,ERR,ERR,ERR,ERR,ERR,ERR,ERR,ERR,ERR,ERR,ERR,ERR,ERR,ERR,ERR,ERR,ERR,ERR,ERR,ERR,ERR,ERR,ERR,ERR,ERR,ERR,ERR,ERR,ERR,ERR,ERR,ERR,ERR,ERR,ERR,ERR,ERR,ERR,ERR,ERR,ERR,ERR,ERR,ERR,ERR,82.5,80.3,-2.2,0.0,-0.0,0.155,529.479,-0.0,0,0,4,32768,7366,-0.167,0,0.0,0.0,0.0,0.0,68.18,0,0,0,0,0.0,0,0,0,0,0,0,0,0,0,0,0,0,0,0,0,0,0,0,0,0,0,0,0,0,0,0,0,0,0,0,0,0,0,21,49,48,70,65476,0,300,0,0,8,21553,0.0,0.1,0.0,0.0,0.0,0.0,0.0,0.0,0.0,0.0,nan,0.0,0.0,0.032,0.032,0.032,0.032,0.0,0.032,0.032,15620.0,1562.0,825.0,803.0,794.0,718.0,86.0,0.0,15620.0,15620.0,-0.0,4181.0,-0.0,82.5,80.3,79.4,71.8,8.6,0.0,1562.0,1562.0,82,67.37,41.81,40.0,0.0,0.0,0.0,0.0,140.0,0.0,0,0,0,245.07,1.105,244.597,0.665,244.631,0.741,154.714,271.327,355.606,2876.274,2894.708,2883.84,-7.566,2972.822,4288.0,0.353,0,-21.053,82,0.0,164,72.77,-6.63,0,0,17065,39322,17081,52429,17055,0,0,0,145,144,100,-107615376.0,73.2,2.7302353966433104e+23,69.9,-107615368.0,72.5,0,55,65,180,0,26215,0,0,0.0,0.0,0.0,0.0,0.0,68.0,0.0,0.0,0.0,805,0,881,0,0,0,845,0,928,0,799,0,729,0,697,0,734,0,641,0.032,2954937499648.0,2.004,0.0,26640,16800,0.0,0.0,-0.004,1.1769373253435392e+16,0.0,2.760756874235085e+18,0.0,0.0,70,0.0,0.0,0.0,0.0,0.0,0.0,0.0,0.0,0.0,0.0,0.0,0.0,0.0,0.0,0.0,0.0,0.0,68,16,65516,48,65476,0,300,0,0,8,20529,65476,0,0,64225,0.0,0.0,0.0,0.0,0.0,0.0
2025-10-28T00:00:07,ERR,ERR,ERR,ERR,ERR,ERR,ERR,ERR,ERR,ERR,ERR,ERR,ERR,ERR,ERR,ERR,ERR,ERR,ERR,ERR,ERR,ERR,ERR,ERR,ERR,ERR,ERR,ERR,ERR,ERR,ERR,ERR,ERR,ERR,ERR,ERR,ERR,ERR,ERR,ERR,ERR,ERR,ERR,ERR,ERR,ERR,ERR,ERR,ERR,ERR,ERR,ERR,ERR,ERR,ERR,ERR,ERR,ERR,ERR,ERR,ERR,ERR,ERR,ERR,ERR,ERR,ERR,ERR,ERR,ERR,ERR,ERR,ERR,ERR,ERR,ERR,ERR,ERR,ERR,ERR,ERR,ERR,ERR,ERR,ERR,ERR,ERR,ERR,ERR,ERR,ERR,ERR,ERR,ERR,ERR,ERR,ERR,ERR,ERR,ERR,ERR,ERR,ERR,ERR,ERR,ERR,ERR,ERR,ERR,ERR,ERR,ERR,ERR,ERR,ERR,ERR,ERR,ERR,ERR,ERR,ERR,ERR,ERR,ERR,ERR,82.5,80.3,-2.2,0.0,-0.0,0.156,531.853,-0.0,0,0,4,32768,7366,-0.167,0,0.0,0.0,0.0,0.0,68.18,0,0,0,0,0.0,0,0,0,0,0,0,0,0,0,0,0,0,0,0,0,0,0,0,0,0,0,0,0,0,0,0,0,0,0,0,0,0,0,21,49,48,70,65476,0,300,0,0,8,21553,0.0,0.1,0.0,0.0,0.0,0.0,0.0,0.0,0.0,0.0,nan,0.0,0.0,0.032,0.032,0.032,0.032,0.0,0.032,0.032,15620.0,1562.0,825.0,803.0,794.0,717.0,86.0,0.0,15620.0,15620.0,-0.0,4179.0,-0.0,82.5,80.3,79.4,71.7,8.6,0.0,1562.0,1562.0,82,67.39,41.79,40.0,0.0,0.0,0.0,0.0,140.0,0.0,0,0,0,245.007,1.108,244.577,0.666,244.67,0.745,155.788,271.815,356.342,2876.274,2894.708,2883.84,-7.566,2972.822,4288.0,0.354,0,-21.053,82,0.0,164,72.77,-6.63,0,0,17065,39322,17081,52429,17055,0,0,0,145,144,100,-107615376.0,73.4,-107615312.0,69.4,-107615368.0,72.5,0,55,65,180,0,13107,0,0,0.0,0.0,0.0,0.0,0.0,68.0,0.0,0.0,0.0,805,0,882,0,0,0,845,0,928,0,800,0,729,0,697,0,734,0,641,0.032,2937757630464.0,2.004,0.0,29072,16800,0.0,0.0,-19431860.0,4.05834663476327e+37,0.0,1.127941292717111e+27,0.0,0.0,70,0.0,0.0,0.0,0.0,0.0,0.0,0.0,0.0,0.0,0.0,0.0,0.0,0.0,0.0,0.0,0.0,0.0,68,16,65516,48,65476,0,300,0,0,8,20529,65476,0,0,64225,0.0,0.0,0.0,0.0,0.0,0.0
2025-10-28T00:00:08,ERR,ERR,ERR,ERR,ERR,ERR,ERR,ERR,ERR,ERR,ERR,ERR,ERR,ERR,ERR,ERR,ERR,ERR,ERR,ERR,ERR,ERR,ERR,ERR,ERR,ERR,ERR,ERR,ERR,ERR,ERR,ERR,ERR,ERR,ERR,ERR,ERR,ERR,ERR,ERR,ERR,ERR,ERR,ERR,ERR,ERR,ERR,ERR,ERR,ERR,ERR,ERR,ERR,ERR,ERR,ERR,ERR,ERR,ERR,ERR,ERR,ERR,ERR,ERR,ERR,ERR,ERR,ERR,ERR,ERR,ERR,ERR,ERR,ERR,ERR,ERR,ERR,ERR,ERR,ERR,ERR,ERR,ERR,ERR,ERR,ERR,ERR,ERR,ERR,ERR,ERR,ERR,ERR,ERR,ERR,ERR,ERR,ERR,ERR,ERR,ERR,ERR,ERR,ERR,ERR,ERR,ERR,ERR,ERR,ERR,ERR,ERR,ERR,ERR,ERR,ERR,ERR,ERR,ERR,ERR,ERR,ERR,ERR,ERR,ERR,82.5,80.3,-2.2,0.0,-0.0,0.156,531.395,-0.0,0,0,4,32768,7366,-0.167,0,0.0,0.0,0.0,0.0,68.18,0,0,0,0,0.0,0,0,0,0,0,0,0,0,0,0,0,0,0,0,0,0,0,0,0,0,0,0,0,0,0,0,0,0,0,0,0,0,0,21,49,48,70,65476,0,300,0,0,8,21553,0.0,0.1,0.0,0.0,0.0,0.0,0.0,0.0,0.0,0.0,nan,0.0,0.0,0.032,0.032,0.032,0.032,0.0,0.032,0.032,15620.0,1562.0,825.0,803.0,794.0,717.0,86.0,0.0,15620.0,15620.0,-0.0,4180.0,-0.0,82.5,80.3,79.4,71.7,8.6,0.0,1562.0,1562.0,82,67.4,41.8,40.0,0.0,0.0,0.0,0.0,140.0,0.0,0,0,0,245.158,1.109,244.646,0.667,244.716,0.746,155.629,272.068,356.74,2876.274,2894.708,2883.84,-7.566,2972.822,4288.0,0.354,0,-21.053,82,0.0,164,72.77,-6.63,0,0,17065,39322,17081,52429,17055,0,0,0,145,144,100,-107615376.0,73.2,2.7302353966433104e+23,69.9,-107615368.0,72.5,0,55,65,180,0,26215,0,0,0.0,0.0,0.0,0.0,0.0,68.0,0.0,0.0,0.0,805,0,882,0,0,0,845,0,928,0,799,0,729,0,697,0,734,0,641,0.032,2954937499648.0,2.004,0.0,30608,16800,0.0,0.0,-7.166682795726007e+21,-0.0,0.003,-0.0,0.0,0.0,70,0.0,0.0,0.0,0.0,0.0,0.0,0.0,0.0,0.0,0.0,0.0,0.0,0.0,0.0,0.0,0.0,2.7302337753474445e+23,68,16,65516,48,65476,0,300,0,0,8,20529,65476,0,0,64225,0.0,0.0,0.0,0.0,0.0,0.0
2025-10-28T00:00:09,ERR,ERR,ERR,ERR,ERR,ERR,ERR,ERR,ERR,ERR,ERR,ERR,ERR,ERR,ERR,ERR,ERR,ERR,ERR,ERR,ERR,ERR,ERR,ERR,ERR,ERR,ERR,ERR,ERR,ERR,ERR,ERR,ERR,ERR,ERR,ERR,ERR,ERR,ERR,ERR,ERR,ERR,ERR,ERR,ERR,ERR,ERR,ERR,ERR,ERR,ERR,ERR,ERR,ERR,ERR,ERR,ERR,ERR,ERR,ERR,ERR,ERR,ERR,ERR,ERR,ERR,ERR,ERR,ERR,ERR,ERR,ERR,ERR,ERR,ERR,ERR,ERR,ERR,ERR,ERR,ERR,ERR,ERR,ERR,ERR,ERR,ERR,ERR,ERR,ERR,ERR,ERR,ERR,ERR,ERR,ERR,ERR,ERR,ERR,ERR,ERR,ERR,ERR,ERR,ERR,ERR,ERR,ERR,ERR,ERR,ERR,ERR,ERR,ERR,ERR,ERR,ERR,ERR,ERR,ERR,ERR,ERR,ERR,ERR,ERR,82.5,80.3,-2.2,0.0,-0.0,0.155,529.19,-0.0,0,0,4,32768,7366,-0.167,0,0.0,0.0,0.0,0.0,68.18,0,0,0,0,0.0,0,0,0,0,0,0,0,0,0,0,0,0,0,0,0,0,0,0,0,0,0,0,0,0,0,0,0,0,0,0,0,0,0,21,49,48,70,65476,0,300,0,0,8,21553,0.0,0.1,0.0,0.0,0.0,0.0,0.0,0.0,0.0,0.0,nan,0.0,0.0,0.032,0.032,0.032,0.032,0.0,0.032,0.032,15620.0,1562.0,825.0,803.0,794.0,717.0,86.0,0.0,15620.0,15620.0,-0.0,4179.0,-0.0,82.5,80.3,79.4,71.7,8.6,0.0,1562.0,1562.0,82,67.39,41.79,40.0,0.0,0.0,0.0,0.0,140.0,0.0,0,0,0,245.178,1.106,244.647,0.668,244.689,0.745,155.276,272.143,356.352,2876.274,2894.709,2883.84,-7.566,2972.822,4288.0,0.354,0,-21.053,82,0.0,164,72.77,-6.63,0,0,17065,26215,17081,52429,17055,0,0,0,145,144,100,-107615376.0,73.2,2.7302353966433104e+23,69.9,-107615368.0,72.5,0,55,65,180,0,26215,0,0,0.0,0.0,0.0,0.0,0.0,68.0,0.0,0.002,0.0,805,0,882,0,0,0,845,0,927,0,800,0,729,0,697,0,734,0,641,0.032,2954937499648.0,2.004,0.0,18320,16800,0.0,0.002,-0.0,0.0,0.0,27548563456.0,0.0,0.0,70,0.0,0.0,0.0,0.0,0.0,0.0,0.0,0.0,0.0,0.0,0.0,0.0,0.0,0.0,0.0,0.0,2.7302337753474445e+23,68,16,65516,48,65476,0,300,0,0,8,20529,65476,0,0,64225,0.0,0.0,0.0,0.0,0.0,0.0
2025-10-28T00:00:10,ERR,ERR,ERR,ERR,ERR,ERR,ERR,ERR,ERR,ERR,ERR,ERR,ERR,ERR,ERR,ERR,ERR,ERR,ERR,ERR,ERR,ERR,ERR,ERR,ERR,ERR,ERR,ERR,ERR,ERR,ERR,ERR,ERR,ERR,ERR,ERR,ERR,ERR,ERR,ERR,ERR,ERR,ERR,ERR,ERR,ERR,ERR,ERR,ERR,ERR,ERR,ERR,ERR,ERR,ERR,ERR,ERR,ERR,ERR,ERR,ERR,ERR,ERR,ERR,ERR,ERR,ERR,ERR,ERR,ERR,ERR,ERR,ERR,ERR,ERR,ERR,ERR,ERR,ERR,ERR,ERR,ERR,ERR,ERR,ERR,ERR,ERR,ERR,ERR,ERR,ERR,ERR,ERR,ERR,ERR,ERR,ERR,ERR,ERR,ERR,ERR,ERR,ERR,ERR,ERR,ERR,ERR,ERR,ERR,ERR,ERR,ERR,ERR,ERR,ERR,ERR,ERR,ERR,ERR,ERR,ERR,ERR,ERR,ERR,ERR,82.5,80.3,-2.2,0.0,-0.0,0.155,529.953,-0.0,0,0,4,32768,7366,-0.167,0,0.0,0.0,0.0,0.0,68.18,0,0,0,0,0.0,0,0,0,0,0,0,0,0,0,0,0,0,0,0,0,0,0,0,0,0,0,0,0,0,0,0,0,0,0,0,0,0,0,21,49,48,70,65476,0,300,0,0,8,21553,0.0,0.1,0.0,0.0,0.0,0.0,0.0,0.0,0.0,0.0,nan,0.0,0.0,0.032,0.032,0.032,0.032,0.0,0.032,0.032,15620.0,1562.0,825.0,803.0,794.0,718.0,85.0,0.0,15620.0,15620.0,-0.0,4179.0,-0.0,82.5,80.3,79.4,71.8,8.6,0.0,1562.0,1562.0,82,67.36,41.79,40.0,0.0,0.0,0.0,0.0,140.0,0.0,0,0,0,245.163,1.106,244.682,0.664,244.724,0.745,154.734,271.486,355.954,2876.274,2894.709,2883.84,-7.566,2972.822,4288.0,0.353,0,-21.053,82,0.0,164,72.77,-6.63,0,0,17065,39322,17081,52429,17055,0,0,0,145,144,100,-107615376.0,73.2,2.7302353966433104e+23,69.9,-107615368.0,72.5,0,55,65,180,0,13107,0,0,0.0,0.0,0.0,0.0,0.0,68.0,0.0,0.006,0.0,805,0,881,0,0,0,845,0,928,0,799,0,729,0,697,0,734,0,641,0.032,2954937499648.0,2.004,0.0,21392,16800,0.0,0.006,-154.253,1.7974844294674714e+23,0.0,2.049920190151343e+21,0.0,0.0,70,0.0,0.0,0.0,0.0,0.0,0.0,0.0,0.0,0.0,0.0,0.0,0.0,0.0,0.0,0.0,0.0,2.7302337753474445e+23,68,16,65516,48,65476,0,300,0,0,8,20529,65476,0,0,64225,0.0,0.0,0.0,0.0,0.0,0.0
2025-10-28T00:00:11,ERR,ERR,ERR,ERR,ERR,ERR,ERR,ERR,ERR,ERR,ERR,ERR,ERR,ERR,ERR,ERR,ERR,ERR,ERR,ERR,ERR,ERR,ERR,ERR,ERR,ERR,ERR,ERR,ERR,ERR,ERR,ERR,ERR,ERR,ERR,ERR,ERR,ERR,ERR,ERR,ERR,ERR,ERR,ERR,ERR,ERR,ERR,ERR,ERR,ERR,ERR,ERR,ERR,ERR,ERR,ERR,ERR,ERR,ERR,ERR,ERR,ERR,ERR,ERR,ERR,ERR,ERR,ERR,ERR,ERR,ERR,ERR,ERR,ERR,ERR,ERR,ERR,ERR,ERR,ERR,ERR,ERR,ERR,ERR,ERR,ERR,ERR,ERR,ERR,ERR,ERR,ERR,ERR,ERR,ERR,ERR,ERR,ERR,ERR,ERR,ERR,ERR,ERR,ERR,ERR,ERR,ERR,ERR,ERR,ERR,ERR,ERR,ERR,ERR,ERR,ERR,ERR,ERR,ERR,ERR,ERR,ERR,ERR,ERR,ERR,82.5,80.3,-2.2,0.0,-0.0,0.155,527.494,-0.0,0,0,4,32768,7366,-0.167,0,0.0,0.0,0.0,0.0,68.18,0,0,0,0,0.0,0,0,0,0,0,0,0,0,0,0,0,0,0,0,0,0,0,0,0,0,0,0,0,0,0,0,0,0,0,0,0,0,0,21,49,48,70,65476,0,300,0,0,8,21553,0.0,0.1,0.0,0.0,0.0,0.0,0.0,0.0,0.0,0.0,nan,0.0,0.0,0.032,0.032,0.032,0.032,0.0,0.032,0.032,15620.0,1562.0,825.0,803.0,794.0,717.0,86.0,0.0,15620.0,15620.0,-0.0,4179.0,-0.0,82.5,80.3,79.4,71.7,8.6,0.0,1562.0,1562.0,82,67.4,41.79,40.0,0.0,0.0,0.0,0.0,140.0,0.0,0,0,0,245.183,1.104,244.704,0.666,244.707,0.743,155.077,271.442,355.835,2876.274,2894.709,2883.84,-7.566,2972.822,4288.0,0.353,0,-21.053,82,0.0,164,72.77,-6.63,0,0,17065,26215,17081,52429,17055,0,0,0,145,144,100,-107615376.0,73.2,2.7302353966433104e+23,69.9,-107615368.0,72.5,0,55,65,180,0,26215,0,0,0.0,0.0,0.0,0.0,0.0,68.0,0.0,0.0,0.0,805,0,882,0,0,0,845,0,927,0,799,0,729,0,697,0,734,0,641,0.032,2954937499648.0,2.004,0.0,11280,16800,0.0,0.0,-0.0,-49459994624.0,0.0,0.0,0.0,0.0,70,0.0,0.0,0.0,0.0,0.0,0.0,0.0,0.0,0.0,0.0,0.0,0.0,0.0,0.0,0.0,0.0,0.0,68,16,65516,48,65476,0,300,0,0,8,20529,65476,0,0,64225,0.0,0.0,0.0,0.0,0.0,0.0
2025-10-28T00:00:12,ERR,ERR,ERR,ERR,ERR,ERR,ERR,ERR,ERR,ERR,ERR,ERR,ERR,ERR,ERR,ERR,ERR,ERR,ERR,ERR,ERR,ERR,ERR,ERR,ERR,ERR,ERR,ERR,ERR,ERR,ERR,ERR,ERR,ERR,ERR,ERR,ERR,ERR,ERR,ERR,ERR,ERR,ERR,ERR,ERR,ERR,ERR,ERR,ERR,ERR,ERR,ERR,ERR,ERR,ERR,ERR,ERR,ERR,ERR,ERR,ERR,ERR,ERR,ERR,ERR,ERR,ERR,ERR,ERR,ERR,ERR,ERR,ERR,ERR,ERR,ERR,ERR,ERR,ERR,ERR,ERR,ERR,ERR,ERR,ERR,ERR,ERR,ERR,ERR,ERR,ERR,ERR,ERR,ERR,ERR,ERR,ERR,ERR,ERR,ERR,ERR,ERR,ERR,ERR,ERR,ERR,ERR,ERR,ERR,ERR,ERR,ERR,ERR,ERR,ERR,ERR,ERR,ERR,ERR,ERR,ERR,ERR,ERR,ERR,ERR,82.5,80.3,-2.2,0.0,-0.0,0.155,530.496,-0.0,0,0,4,32768,7366,-0.167,0,0.0,0.0,0.0,0.0,68.18,0,0,0,0,0.0,0,0,0,0,0,0,0,0,0,0,0,0,0,0,0,0,0,0,0,0,0,0,0,0,0,0,0,0,0,0,0,0,0,21,49,48,70,65476,0,300,0,0,8,21553,0.0,0.1,0.0,0.0,0.0,0.0,0.0,0.0,0.0,0.0,nan,0.0,0.0,0.032,0.032,0.032,0.032,0.0,0.032,0.032,15620.0,1562.0,825.0,803.0,794.0,717.0,86.0,0.0,15620.0,15620.0,-0.0,4180.0,-0.0,82.5,80.3,79.4,71.7,8.6,0.0,1562.0,1562.0,82,67.39,41.8,40.0,0.0,0.0,0.0,0.0,140.0,0.0,0,0,0,245.133,1.108,244.676,0.666,244.698,0.747,155.564,271.959,356.362,2876.274,2894.709,2883.84,-7.566,2972.822,4288.0,0.354,0,-21.053,82,0.0,164,72.77,-6.63,0,52429,17064,26215,17081,52429,17055,0,0,0,145,144,100,-107615376.0,73.2,2.7302353966433104e+23,69.9,-107615368.0,72.5,0,55,65,180,0,26215,0,0,0.0,0.0,0.0,0.0,0.0,68.0,0.0,0.0,0.0,805,0,882,0,0,0,844,0,927,0,799,0,729,0,697,0,734,0,641,0.032,2937757630464.0,2.004,0.0,3216,16800,0.0,0.0,0.0,0.0,-8.604163152072724e+19,-6.0601237030362415e+19,0.0,0.0,70,0.0,0.0,0.0,0.0,0.0,0.0,0.0,0.0,0.0,0.0,0.0,0.0,0.0,0.0,0.0,0.0,2.7302337753474445e+23,68,16,65516,48,65476,0,300,0,0,8,20529,65476,0,0,64225,0.0,0.0,0.0,0.0,0.0,0.0
2025-10-28T00:00:13,ERR,ERR,ERR,ERR,ERR,ERR,ERR,ERR,ERR,ERR,ERR,ERR,ERR,ERR,ERR,ERR,ERR,ERR,ERR,ERR,ERR,ERR,ERR,ERR,ERR,ERR,ERR,ERR,ERR,ERR,ERR,ERR,ERR,ERR,ERR,ERR,ERR,ERR,ERR,ERR,ERR,ERR,ERR,ERR,ERR,ERR,ERR,ERR,ERR,ERR,ERR,ERR,ERR,ERR,ERR,ERR,ERR,ERR,ERR,ERR,ERR,ERR,ERR,ERR,ERR,ERR,ERR,ERR,ERR,ERR,ERR,ERR,ERR,ERR,ERR,ERR,ERR,ERR,ERR,ERR,ERR,ERR,ERR,ERR,ERR,ERR,ERR,ERR,ERR,ERR,ERR,ERR,ERR,ERR,ERR,ERR,ERR,ERR,ERR,ERR,ERR,ERR,ERR,ERR,ERR,ERR,ERR,ERR,ERR,ERR,ERR,ERR,ERR,ERR,ERR,ERR,ERR,ERR,ERR,ERR,ERR,ERR,ERR,ERR,ERR,82.5,80.3,-2.2,0.0,-0.0,0.155,530.445,-0.0,0,0,4,32768,7366,-0.167,0,0.0,0.0,0.0,0.0,68.18,0,0,0,0,0.0,0,0,0,0,0,0,0,0,0,0,0,0,0,0,0,0,0,0,0,0,0,0,0,0,0,0,0,0,0,0,0,0,0,21,49,48,70,65476,0,300,0,0,8,21553,0.0,0.1,0.0,0.0,0.0,0.0,0.0,0.0,0.0,0.0,nan,0.0,0.0,0.032,0.032,0.032,0.032,0.0,0.032,0.032,15620.0,1562.0,825.0,803.0,794.0,717.0,86.0,0.0,15620.0,15620.0,-0.0,4181.0,-0.0,82.5,80.3,79.4,71.7,8.6,0.0,1562.0,1562.0,82,67.38,41.81,40.0,0.0,0.0,0.0,0.0,140.0,0.0,0,0,0,245.116,1.106,244.641,0.664,244.53,0.737,154.61,270.91,355.387,2876.274,2894.709,2883.84,-7.566,2972.822,4288.0,0.352,0,-21.053,82,0.0,164,72.77,-6.63,0,0,17065,26215,17081,52429,17055,0,0,0,145,144,100,-107615376.0,73.2,2.7302353966433104e+23,69.9,-107615368.0,72.5,0,55,65,180,0,26215,0,0,0.0,0.0,0.0,0.0,0.0,68.0,0.0,0.0,0.0,805,0,882,0,0,0,845,0,927,0,799,0,729,0,697,0,734,0,642,0.032,2954937499648.0,-0.0,2.7302334150594743e+23,10640,16800,0.0,0.0,4.1798680580782487e+36,-106625.453,0.0,0.0,0.0,0.0,70,0.0,0.0,0.0,0.0,0.0,0.0,0.0,0.0,0.0,0.0,0.0,0.0,0.0,0.0,0.0,0.0,2.7302337753474445e+23,68,16,65516,48,65476,0,300,0,0,8,20529,65476,0,0,64225,0.0,0.0,0.0,0.0,0.0,0.0
2025-10-28T00:00:14,ERR,ERR,ERR,ERR,ERR,ERR,ERR,ERR,ERR,ERR,ERR,ERR,ERR,ERR,ERR,ERR,ERR,ERR,ERR,ERR,ERR,ERR,ERR,ERR,ERR,ERR,ERR,ERR,ERR,ERR,ERR,ERR,ERR,ERR,ERR,ERR,ERR,ERR,ERR,ERR,ERR,ERR,ERR,ERR,ERR,ERR,ERR,ERR,ERR,ERR,ERR,ERR,ERR,ERR,ERR,ERR,ERR,ERR,ERR,ERR,ERR,ERR,ERR,ERR,ERR,ERR,ERR,ERR,ERR,ERR,ERR,ERR,ERR,ERR,ERR,ERR,ERR,ERR,ERR,ERR,ERR,ERR,ERR,ERR,ERR,ERR,ERR,ERR,ERR,ERR,ERR,ERR,ERR,ERR,ERR,ERR,ERR,ERR,ERR,ERR,ERR,ERR,ERR,ERR,ERR,ERR,ERR,ERR,ERR,ERR,ERR,ERR,ERR,ERR,ERR,ERR,ERR,ERR,ERR,ERR,ERR,ERR,ERR,ERR,ERR,82.5,80.3,-2.2,0.0,-0.0,0.153,523.0,-0.0,0,0,4,32768,7366,-0.167,0,0.0,0.0,0.0,0.0,68.18,0,0,0,0,0.0,0,0,0,0,0,0,0,0,0,0,0,0,0,0,0,0,0,0,0,0,0,0,0,0,0,0,0,0,0,0,0,0,0,21,49,48,70,65476,0,300,0,0,8,21553,0.0,0.1,0.0,0.0,0.0,0.0,0.0,0.0,0.0,0.0,nan,0.0,0.0,0.032,0.032,0.032,0.032,0.0,0.032,0.032,15620.0,1562.0,825.0,803.0,794.0,717.0,86.0,0.0,15620.0,15620.0,-0.0,4181.0,-0.0,82.5,80.3,79.4,71.7,8.6,0.0,1562.0,1562.0,82,67.37,41.81,40.0,0.0,0.0,0.0,0.0,140.0,0.0,0,0,0,244.885,1.102,244.473,0.662,244.485,0.747,154.287,270.313,354.274,2876.274,2894.709,2883.84,-7.566,2972.823,4288.0,0.354,0,-21.053,82,0.0,164,72.77,-6.63,0,52429,17064,26215,17081,52429,17055,0,0,0,145,144,100,-107615376.0,73.2,2.7302353966433104e+23,69.9,-107615368.0,72.5,0,55,65,180,0,26215,0,0,0.0,0.0,0.0,0.0,0.0,68.0,0.0,0.0,0.0,805,0,882,0,0,0,844,0,927,0,799,0,729,0,697,0,734,0,642,0.032,2954937499648.0,-0.0,2.7302334150594743e+23,3216,16800,0.0,0.0,0.0,-5.358883299154008e+21,-774204096512.0,-320005.688,0.0,0.0,70,0.0,0.0,0.0,0.0,0.0,0.0,0.0,0.0,0.0,0.0,0.0,0.0,0.0,0.0,0.0,0.0,2.7302337753474445e+23,68,16,65516,48,65476,0,300,0,0,8,20529,65476,0,0,64225,0.0,0.0,0.0,0.0,0.0,0.0
2025-10-28T00:00:15,ERR,ERR,ERR,ERR,ERR,ERR,ERR,ERR,ERR,ERR,ERR,ERR,ERR,ERR,ERR,ERR,ERR,ERR,ERR,ERR,ERR,ERR,ERR,ERR,ERR,ERR,ERR,ERR,ERR,ERR,ERR,ERR,ERR,ERR,ERR,ERR,ERR,ERR,ERR,ERR,ERR,ERR,ERR,ERR,ERR,ERR,ERR,ERR,ERR,ERR,ERR,ERR,ERR,ERR,ERR,ERR,ERR,ERR,ERR,ERR,ERR,ERR,ERR,ERR,ERR,ERR,ERR,ERR,ERR,ERR,ERR,ERR,ERR,ERR,ERR,ERR,ERR,ERR,ERR,ERR,ERR,ERR,ERR,ERR,ERR,ERR,ERR,ERR,ERR,ERR,ERR,ERR,ERR,ERR,ERR,ERR,ERR,ERR,ERR,ERR,ERR,ERR,ERR,ERR,ERR,ERR,ERR,ERR,ERR,ERR,ERR,ERR,ERR,ERR,ERR,ERR,ERR,ERR,ERR,ERR,ERR,ERR,ERR,ERR,ERR,82.5,80.3,-2.2,0.0,-0.0,0.156,531.141,-0.0,0,0,4,32768,7366,-0.167,0,0.0,0.0,0.0,0.0,68.18,0,0,0,0,0.0,0,0,0,0,0,0,0,0,0,0,0,0,0,0,0,0,0,0,0,0,0,0,0,0,0,0,0,0,0,0,0,0,0,21,49,48,70,65476,0,300,0,0,8,21553,0.0,0.1,0.0,0.0,0.0,0.0,0.0,0.0,0.0,0.0,nan,0.0,0.0,0.032,0.032,0.032,0.032,0.0,0.032,0.032,15620.0,1562.0,825.0,803.0,794.0,717.0,85.0,0.0,15620.0,15620.0,-0.0,4182.0,-0.0,82.5,80.3,79.4,71.7,8.5,0.0,1562.0,1562.0,82,67.36,41.82,40.0,0.0,0.0,0.0,0.0,140.0,0.0,0,0,0,244.913,1.106,244.567,0.662,244.641,0.745,155.291,270.935,355.477,2876.274,2894.709,2883.84,-7.566,2972.823,4288.0,0.354,0,-21.053,82,0.0,164,72.77,-6.63,0,0,17065,26215,17081,52429,17055,0,0,0,145,144,100,-107615376.0,73.2,2.7302353966433104e+23,69.9,-107615368.0,72.5,0,55,65,180,0,26215,0,0,0.0,0.0,0.0,0.0,-2.5988470989389747e+36,67.5,0.0,0.0,0.0,805,0,882,0,0,0,845,0,927,0,799,0,729,0,697,0,735,0,642,0.032,2937757630464.0,-0.0,2.7302334150594743e+23,63248,16799,-2.5988470989389747e+36,0.0,-5.423827272471751e+28,-0.0,-7.727,-0.0,0.0,0.0,70,0.0,0.0,0.0,0.0,0.0,0.0,0.0,0.0,0.0,0.0,0.0,0.0,0.0,0.0,0.0,0.0,2.7302337753474445e+23,68,16,65516,48,65476,0,300,0,0,8,20529,65476,0,0,64225,0.0,0.0,0.0,0.0,0.0,0.0
2025-10-28T00:00:16,ERR,ERR,ERR,ERR,ERR,ERR,ERR,ERR,ERR,ERR,ERR,ERR,ERR,ERR,ERR,ERR,ERR,ERR,ERR,ERR,ERR,ERR,ERR,ERR,ERR,ERR,ERR,ERR,ERR,ERR,ERR,ERR,ERR,ERR,ERR,ERR,ERR,ERR,ERR,ERR,ERR,ERR,ERR,ERR,ERR,ERR,ERR,ERR,ERR,ERR,ERR,ERR,ERR,ERR,ERR,ERR,ERR,ERR,ERR,ERR,ERR,ERR,ERR,ERR,ERR,ERR,ERR,ERR,ERR,ERR,ERR,ERR,ERR,ERR,ERR,ERR,ERR,ERR,ERR,ERR,ERR,ERR,ERR,ERR,ERR,ERR,ERR,ERR,ERR,ERR,ERR,ERR,ERR,ERR,ERR,ERR,ERR,ERR,ERR,ERR,ERR,ERR,ERR,ERR,ERR,ERR,ERR,ERR,ERR,ERR,ERR,ERR,ERR,ERR,ERR,ERR,ERR,ERR,ERR,ERR,ERR,ERR,ERR,ERR,ERR,82.5,80.3,-2.2,0.0,-0.0,0.155,527.392,-0.0,0,0,4,32768,7366,-0.167,0,0.0,0.0,0.0,0.0,68.18,0,0,0,0,0.0,0,0,0,0,0,0,0,0,0,0,0,0,0,0,0,0,0,0,0,0,0,0,0,0,0,0,0,0,0,0,0,0,0,21,49,48,70,65476,0,300,0,0,8,21553,0.0,0.1,0.0,0.0,0.0,0.0,0.0,0.0,0.0,0.0,nan,0.0,0.0,0.032,0.032,0.032,0.032,0.0,0.032,0.032,15620.0,1562.0,825.0,803.0,794.0,717.0,86.0,0.0,15620.0,15620.0,-0.0,4183.0,-0.0,82.5,80.3,79.4,71.7,8.6,0.0,1562.0,1562.0,82,67.36,41.83,40.0,0.0,0.0,0.0,0.0,140.0,0.0,0,0,0,244.992,1.104,244.588,0.664,244.628,0.746,154.595,271.014,355.298,2876.274,2894.709,2883.84,-7.566,2972.823,4288.0,0.354,0,-21.053,82,0.0,164,72.77,-6.63,0,0,17065,26215,17081,52429,17055,0,0,0,145,144,100,-107615376.0,73.2,2.7302353966433104e+23,69.9,-107615368.0,72.5,0,55,65,180,0,26215,0,0,0.0,0.0,0.0,0.0,0.0,68.0,0.0,-6.711472314015467e+35,0.0,805,0,882,0,0,0,845,0,927,0,799,0,729,0,697,0,734,0,642,0.032,2972117368832.0,-0.0,2.7302334150594743e+23,6416,16800,0.0,-6.711472314015467e+35,0.0,-181697400274944.0,-15586599936.0,-338.506,0.0,0.0,70,0.0,0.0,0.0,0.0,0.0,0.0,0.0,0.0,0.0,0.0,0.0,0.0,0.0,0.0,0.0,0.0,2.7302337753474445e+23,68,16,65516,48,65476,0,300,0,0,8,20529,65476,0,0,64225,0.0,0.0,0.0,0.0,0.0,0.0
